,organisations
0,HIPPA
1,PNC
2,MGA
3,AMEX
4,Mastercard
5,MasterCard
6,CITGO
7,Kohls
8,Walmart
9,WalMart
10,UFCW
11,CITI
12,VW
13,LTV
14,IMDB
15,Equifax
16,Citigroup
17,NCL
18,CAREMARK
19,USAA
20,Barclaycard
21,AdvoCare
22,HSBC
23,Facebook
24,Bloomberg
25,Ditech
26,Genetech
27,NCEA
28,TIAA
29,CREF
30,Facia
31,eBay
32,Fedex
33,SERCO
34,Verizon
35,FEMA
36,UCMJ
37,Costco
38,PayPal
39,NAR
40,Citi's
41,Northridge
42,EQUIFAX
43,Starbucks
44,Airgas
45,CBR
46,CItibank
47,FactSet
48,Comcast
49,LabOne
50,MBNA
51,GMAC
52,CNA
53,Citifinancial
54,Pnc
55,Carmax
56,CNBC
57,Homegoods
58,APPA
59,CNC
60,PSEG
61,CashCall
62,IRA's
63,CarMax
64,NCCC
65,EBITDA
66,LendingTree
67,KBB
68,Netflix
69,ATK
70,WaMu
71,Sabre
72,UnitedHealth
73,UBS
74,PaineWebber
75,Rexam
76,IRS'
77,NAHB
78,Americredit
79,Applebees
80,SUNY
81,Suntrust
82,USCIS
83,Starwood
84,Carfax
85,Cisco
86,Nucor
87,MTA
88,OSC
89,TeleTech
90,Paypal
91,UCSF
92,Vox
93,CDL
94,IKEA
95,CitiFinancial
96,JCPenney
97,Securitas
98,Publix
99,CitiBank
100,SunTrust
101,Earthlink
102,Ajilon
103,Fujifilm
104,Safeway
105,AOPA
106,RackSpace
107,Cerner
108,Caremark
109,ADESA
110,Bridgestone
111,BOFA
112,Acxiom
113,TCF
114,FICO's
115,CWA
116,Advanta
117,GPA's
118,Chicagoland
119,Rackspace
120,EMI's
121,CIGNA
122,NEMACOLIN
123,Quinnipiac
124,LVMH
125,Kmart
126,Axsys
127,NWA
128,CASA
129,TSYS
130,Geico
131,MetLife
132,Quiznos
133,MegaCorp
134,LPL
135,MMA
136,EXPERIAN
137,FINRA
138,NASD
139,Amica
140,Pixar
141,MASTERCARD
142,FDIC's
143,AllianceBernstein
144,Omnicom
145,Lenovo
146,CCCS
147,Veolia
148,ESRI
149,STERIS
150,EBay
151,WAMU
152,CRSC
153,NCI
154,LAPD
155,Sumitomo
156,Sonoco
157,NRT
158,PLOC's
159,USAirways
160,WACHOVIA
161,Bloomies
162,Etrade
163,UPMC
164,LifeCare
165,FAFSA
166,Wachovia
167,ASU
168,LMR
169,Tessco
170,KLA
171,Conoco
172,Computershare
173,Invesco
174,PERS
175,AmeriCredit
176,Evinrude
177,Catena
178,ACSI
179,ANPAC
180,IBEW
181,DPSS
182,CSULB
183,PEX
184,UCSD
185,SOCOM's
186,SOCOM
187,COSTCO
188,CPC
189,DePauw
190,Sungard
191,NBT
192,LSI
193,Lennar
194,Qwest
195,ASV
196,Parkview
197,FSBO
198,MACY's
199,MCAT
200,Southwire
201,ANB
202,WSU
203,Aflac
204,ClearPoint
205,ManTech
206,DaVita
207,Viacom
208,TriWest
209,UCSD's
210,Upromise
211,VERIZON
212,BofA's
213,Tyco
214,Vitel
215,WGBH
216,NESN
217,SciClone
218,DISA
219,USSA
220,UMASS
221,NetFlix
222,AON
223,Brandsmart
224,Kia
225,GEICO
226,Baroid
227,Oncor's
228,Patelco
229,VA's
230,Allergan
231,NCA
232,Dillards
233,BBA
234,Paramount's
235,AAC
236,KPMG
237,Cingular
238,SkyWest
239,Advantis
240,Medco
241,APAC
242,PPC
243,Umass
244,Nokia
245,UMDNJ
246,Nite'
247,NDA
248,FMLA
249,Valic
250,OfficeMax
251,LifeLock
252,NASCAR
253,AHCCCS
254,MPRI
255,NSF's
256,DBA's
257,CTI
258,SunAmerica
259,TechNet
260,ATA
261,PSA's
262,CFTC
263,NFA
264,FHA's
265,ECC
266,Liveops
267,DHL
268,FIRSTMERIT
269,Herbalife
270,eBay's
271,UMBC
272,TurboTax
273,AXA
274,MCDonald's
275,McDonalds
276,Bancorp
277,Exelon
278,Visio
279,UNICA
280,UAA
281,JCCC
282,Cashcall
283,CWRU
284,PICC
